タイトル,URL
765PRO ALLSTARS+ GRE@TEST,img/disco/best/COCX-38070.jpg
ANIM@TION MASTER 03,img/disco/anime/COCX-36900ani03.jpg
ANIM@TION MASTER 07,img/disco/anime/COCX-36903ani07.jpg
ANIM@TION MASTER 生っすかSPECIAL 01,img/disco/nama/COCX-37413nama01.jpg
ANIM@TION MASTER 生っすかSPECIAL 02,img/disco/nama/COCX-37414nama02.jpg
ANIM@TION MASTER 生っすかSPECIAL 03,img/disco/nama/COCX-37415nama03.jpg
ANIM@TION MASTER 生っすかSPECIAL 04,img/disco/nama/COCX-37416nama04.jpg
ANIM@TION MASTER 生っすかSPECIAL 05,img/disco/nama/COCX-37417nama05.jpg
"BEST ALBUM ～MASTER OF MASTER～ ",img/disco/ml/COCX-35247best.jpg
MASTER ARTIST 1 07,img/disco/ma/COCX-34393a07.jpg
MASTER ARTIST 1 FINALE 765プロ ALLSTARS,img/disco/ma/COCX-34521a11.jpg
MASTER ARTIST 2 03,img/disco/ma2/COCX-36741a2s03.jpg
MASTER ARTIST 3 06,img/disco/2015/COCX-39146.jpg
MASTER ARTIST 3 07,img/disco/2015/COCX-39147.jpg
MASTER ARTIST 3 09,img/disco/2015/COCX-39149.jpg
MASTER ARTIST 3 11,img/COCX-39151s.jpg
MASTER ARTIST 3 12,img/COCX-39152s.jpg
MASTER ARTIST 3 FINALE Destiny,img/COCC-17125s.jpg
MASTER SPECIAL SPRING,img/disco/ms/COCX-36107spspring.jpg
PLATINUM MASTER 01,img/COCC-17211s.jpg
PLATINUM MASTER 03,img/COCC-17213s.jpg
STELLA MASTER 00,img/COCC-17401s.jpg
TVアニメ「アイドルマスター」 劇中歌 COLLECTION -FIRST SEASON-,
劇場版『THE IDOLM@STER MOVIE 輝きの向こう側へ!』主題歌 M@STERPIECE - Single,img/COCC-16838s.jpg
劇場版『THE IDOLM@STER MOVIE 輝きの向こう側へ!』主題歌 ラムネ色青春,img/COCC-16883s.jpg
CINDERELLA GIRLS ANIMATION PROJECT 01,img/COCC-16994s.jpg
CINDERELLA GIRLS ANIMATION PROJECT 06,img/disco/2015/COCC-17026.jpg
CINDERELLA GIRLS ANIMATION PROJECT 08,img/COCC-17028s.jpg
CINDERELLA GIRLS ANIMATION PROJECT 2nd Season 05,img/COCC-17065s.jpg
CINDERELLA GIRLS ANIMATION PROJECT ORIGINAL SOUNDTRACK,img/COZX-1151s.jpg
CINDERELLA GIRLS LITTLE STARS EXTRA! 君のステージ衣装、本当は…,img/COCC-17803s.jpg
CINDERELLA GIRLS LITTLE STARS! キラッ! 満開スマイル,img/COCC-17311s.jpg
CINDERELLA GIRLS MASTER SEASONS AUTUMN!,img/COCC-17332s.jpg
CINDERELLA GIRLS MASTER SEASONS SPRING!,img/COCC-17334s.jpg
CINDERELLA GIRLS MASTER SEASONS WINTER!,img/COCC-17333s.jpg
CINDERELLA GIRLS STARLIGHT MASTER 02,img/COCC-17142s.jpg
CINDERELLA GIRLS STARLIGHT MASTER 03,img/COCC-17143s.jpg
CINDERELLA GIRLS STARLIGHT MASTER 09,img/COCC-17149s.jpg
CINDERELLA GIRLS STARLIGHT MASTER 20,img/COCC-17160s.jpg
CINDERELLA GIRLS STARLIGHT MASTER 21,img/COCC-17511s.jpg
CINDERELLA GIRLS STARLIGHT MASTER 24,img/COCC-17514s.jpg
CINDERELLA GIRLS STARLIGHT MASTER 25,img/COCC-17515s.jpg
CINDERELLA GIRLS STARLIGHT MASTER 29,img/COCC-17519s.jpg
CINDERELLA GIRLS STARLIGHT MASTER 31,img/COCC-17521s.jpg
CINDERELLA GIRLS STARLIGHT MASTER 32,img/COCC-17522s.jpg
CINDERELLA GIRLS STARLIGHT MASTER 33,img/COCC-17523s.jpg
CINDERELLA GIRLS STARLIGHT MASTER 35,img/COCC-17525s.jpg
CINDERELLA GIRLS STARLIGHT MASTER 39,img/COCC-17529s.jpg
CINDERELLA GIRLS STARLIGHT MASTER 40,img/COCC-17530s.jpg
CINDERELLA GIRLS STARLIGHT MASTER COLLABORATION! Great Journey,img/COCC-17862s.jpg
CINDERELLA GIRLS STARLIGHT MASTER for the NEXT! 02,img/COCC-17702s.jpg
CINDERELLA GIRLS STARLIGHT MASTER for the NEXT! 06,img/COCC-17706s.jpg
CINDERELLA GIRLS STARLIGHT MASTER for the NEXT! 09,img/COCC-17709s.jpg
CINDERELLA GIRLS STARLIGHT MASTER GOLD RUSH! 01,img/COCC-17831s.jpg
CINDERELLA GIRLS STARLIGHT MASTER GOLD RUSH! 03,img/COCC-17833s.jpg
CINDERELLA MASTER 3chord for the Dance!,img/COCC-17694s.jpg
CINDERELLA MASTER 3chord for the Pops!,img/COCC-17693s.jpg
CINDERELLA MASTER 3chord for the Rock!,img/COCC-17695s.jpg
CINDERELLA MASTER 006~010 - EP,
CINDERELLA MASTER 011~015 - EP,
CINDERELLA MASTER 013 十時愛梨,img/disco/cinderella/13.jpg
CINDERELLA MASTER 017,img/disco/cinderella/17.jpg
CINDERELLA MASTER 025 高森藍子,img/disco/cinderella/25.jpg
CINDERELLA MASTER 041 大槻唯,img/COCC-17131s.jpg
CINDERELLA MASTER 043,img/COCC-17133s.jpg
CINDERELLA MASTER 046,img/COCC-17286s.jpg
CINDERELLA MASTER 047,img/COCC-17287s.jpg
CINDERELLA MASTER 048,img/COCC-17288s.jpg
CINDERELLA MASTER 052,img/COCC-17628s.jpg
CINDERELLA MASTER 053,img/COCC-17629s.jpg
CINDERELLA MASTER 054,img/COCC-17630s.jpg
CINDERELLA MASTER 055,img/COCC-17773s.jpg
CINDERELLA MASTER 056,img/COCC-17774s.jpg
CINDERELLA MASTER 057,img/COCC-17775s.jpg
CINDERELLA MASTER Cool jewelries! 001,img/disco/cinderella/cool001.jpg
CINDERELLA MASTER Cool jewelries! 002,img/jewelries002/COCX-38967s.jpg
CINDERELLA MASTER Cool jewelries! 003,img/COCX-39653s.jpg
CINDERELLA MASTER Cute jewelries! 001,img/disco/cinderella/cute001.jpg
CINDERELLA MASTER Cute jewelries! 002,img/jewelries002/COCX-38969s.jpg
CINDERELLA MASTER Cute jewelries! 003,img/COCX-39651s.jpg
CINDERELLA MASTER Passion jewelries! 001,img/disco/cinderella/passion001.jpg
CINDERELLA MASTER Passion jewelries! 002,img/jewelries002/COCX-38968s.jpg
CINDERELLA MASTER Passion jewelries! 003,img/COCX-39652s.jpg
CINDERELLA MASTER Take me☆Take you,img/COCC-17245s.jpg
CINDERELLA MASTER Trust me,img/COCC-17541s.jpg
CINDERELLA MASTER 夢をのぞいたら,img/COCC-17729s.jpg
DREAM SYMPHONY 03 日高愛,img/disco/ds/COCX-35795ds03.jpg